Link, Anchor Text
https://unsplash.com/, Editorial
https://unsplash.com/brands, 
https://unsplash.com/explore, Explore
https://unsplash.com/hiring, Hiring 3
https://unsplash.com/login, Login
https://unsplash.com/join, Join free
https://unsplash.com/t/originalbydesign, Featured
Original by design,
https://unsplash.com/t/wallpapers, Wallpapers
https://unsplash.com/t/nature, Nature
https://unsplash.com/t/people, People
https://unsplash.com/t/architecture, Architecture
https://unsplash.com/t/current-events, Current Events
https://unsplash.com/t/business-work, Business & Work
https://unsplash.com/t/experimental, Experimental
https://unsplash.com/t/fashion, Fashion
https://unsplash.com/t/film, Film
https://unsplash.com/t/health, Health & Wellness
https://unsplash.com/t/interiors, Interiors
https://unsplash.com/t/street-photography, Street Photography
https://unsplash.com/t/technology, Technology
https://unsplash.com/t/travel, Travel
https://unsplash.com/t/textures-patterns, Textures & Patterns
https://unsplash.com/t/animals, Animals
https://unsplash.com/t/food-drink, Food & Drink
https://unsplash.com/t/athletics, Athletics
https://unsplash.com/t/spirituality, Spirituality
https://unsplash.com/t/arts-culture, Arts & Culture
https://unsplash.com/t/history, History
https://unsplash.com/t, View all
https://unsplash.com/license, Unsplash License
https://unsplash.com/images/nature/flower, flower
https://unsplash.com/wallpapers, wallpapers
https://unsplash.com/backgrounds, backgrounds
https://unsplash.com/images/feelings/happy, happy
https://unsplash.com/images/feelings/love, love
https://unsplash.com/photos/llGiAyYthDw, Photo of the Day
https://unsplash.com/@sickle, Sergey Pesterev
https://e-10457.adzerk.net/r?e=eyJ2IjoiMS43IiwiYXYiOjgxMDc1MiwiYXQiOjUsImJ0IjowLCJjbSI6MTU3OTk5MywiY2giOjQ1MTYzLCJjayI6e30sImNyIjozMDMyMzgxNSwiZGkiOiJhY2Q0Mzc2YzMyNzU0MDM0OGY2NGRlMDg1YWI3MGEwNSIsImRqIjowLCJpaSI6Ijc3NWUzYTBjMDU3NzQ4NTM5ZjUwYzVhYWYzNTQ3Yjk4IiwiZG0iOjMsImZjIjozMTQ2NDQ1OSwiZmwiOjIzNzcyMzEyLCJpcCI6IjEwMy4xMTguNzYuNDIiLCJudyI6MTA0NTcsInBjIjoyLjUsImVjIjoyLjUsImVwIjpudWxsLCJwciI6MTgyMTE4LCJydCI6MiwicnMiOjUwMCwic2EiOiI4Iiwic2IiOiJpLTA3NzY0NGJiYmE2ZTMzM2VmIiwic3AiOjM4NzUsInN0IjoxMTIxOTU0LCJ0ciI6dHJ1ZSwidWsiOiJiNzljMDZjMC1jNTU1LTExZWItOTUxYy0yN2RjYjZkNDUzMzYiLCJ6biI6MjE5NDIyLCJ0cyI6MTYyMjgyNTc1MTI4NiwicG4iOiJob21lcGFnZUhlYWRlciIsImdyIjp0cnVlLCJnYyI6dHJ1ZSwiZ0MiOnRydWUsImdzIjoibm9uZSIsInR6IjoiQW1lcmljYS9OZXdfWW9yayIsInVyIjoiaHR0cHM6Ly9hZC5kb3VibGVjbGljay5uZXQvZGRtL3RyYWNrY2xrL043MTg2NzkuMzI4Njg5M1VOU1BMQVNIL0IyNTIxNzYzMy4yOTkzOTM1MTI7ZGNfdHJrX2FpZD00OTI0MDQ1OTI7ZGNfdHJrX2NpZD0xNDgyNTgyMDE7ZGNfbGF0PTtkY19yZGlkPTt0YWdfZm9yX2NoaWxkX2RpcmVjdGVkX3RyZWF0bWVudD07dGZ1YT07Z2Rwcj0ke0dEUFJ9O2dkcHJfY29uc2VudD0ke0dEUFJfQ09OU0VOVF83NTV9O2x0ZD0ifQ&s=ag23u5A6asqnXkmzmejt3MQaxCc, All you need to create a website.
https://unsplash.com/photos/lb9hi0NDjT0, 
https://unsplash.com/@piensaenpixel, 
https://unsplash.com/@mailchimp/likes, Mailchimp
https://ad.doubleclick.net/ddm/trackclk/N1224323.3286893UNSPLASH/B25600467.299679141;dc_trk_aid=492448064;dc_trk_cid=148386287;dc_lat=;dc_rdid=;tag_for_child_directed_treatment=;tfua=;ltd=, For Growing Businesses ↗
https://unsplash.com/photos/lb9hi0NDjT0/download?force=true, 
https://unsplash.com/photos/8GR8_rAKav4, 
https://unsplash.com/photos/OtT--E_vtyo, 
https://unsplash.com/photos/cOQIcSUJ70Q, 
https://unsplash.com/photos/d2w-_1LJioQ, 
https://unsplash.com/photos/kLfkVa_4aXM, 
https://unsplash.com/photos/SdzvgKsVD7o, 
https://unsplash.com/photos/DXJeM0A_NWA, 
https://unsplash.com/photos/ZU_PeZd2qYQ, 
https://unsplash.com/photos/Eh4sTBEG17w, 
https://unsplash.com/photos/N8Q3qj6h6_I, 
https://unsplash.com/photos/kCpxfBlxfF4, 
https://unsplash.com/photos/pRI5JzioTzY, 
https://unsplash.com/photos/M7GXRoLu-ZM, 
https://unsplash.com/photos/Ebb8fe-NZtM, 
https://unsplash.com/photos/birTUenpa1U, 
https://unsplash.com/photos/Wzici4apto8, 
https://unsplash.com/photos/H_mdVe5llXo, 
https://unsplash.com/photos/PPr8Vo_zaM8, 
https://unsplash.com/photos/gUvHTfxR_RI, 
https://unsplash.com/photos/g6WdOXX9kG8, 
https://unsplash.com/photos/RZcwX9khjVg, 
https://unsplash.com/photos/Hugv8IYAp8Y, 
https://unsplash.com/photos/kUazHBZuenA, 
https://unsplash.com/photos/AKusNjhccYw, 
https://unsplash.com/photos/6D7txF1rlqQ, 
https://unsplash.com/photos/SpTF77mWv7Q, 
https://unsplash.com/photos/c5YQC3LnWSs, 
https://unsplash.com/photos/YHwvwWBfZcs, 
https://unsplash.com/photos/ox2w1FZ-Pw0, 
https://unsplash.com/photos/Xh8Vl0e_W1o, 
https://unsplash.com/photos/Gp0KJ0X93uw, 
https://unsplash.com/photos/VW53iOpTaLc, 
https://unsplash.com/photos/7a21npm1nLY, 
https://unsplash.com/@justdushawn, 
https://unsplash.com/photos/7a21npm1nLY/download?force=true, 
https://unsplash.com/photos/tXKBcb_jqrA, 
https://unsplash.com/@kate_gliz, 
https://unsplash.com/photos/tXKBcb_jqrA/download?force=true, 
https://unsplash.com/photos/OutjTIoFNUY, 
https://unsplash.com/@sincerelymedia, 
https://unsplash.com/photos/OutjTIoFNUY/download?force=true, 
https://unsplash.com/photos/xyt1mxP70oI, 
https://unsplash.com/photos/xyt1mxP70oI/download?force=true, 
https://unsplash.com/photos/wxC0FI6jMHs, 
https://unsplash.com/photos/wxC0FI6jMHs/download?force=true, 
https://unsplash.com/photos/aEnsCb6dKlY, 
https://unsplash.com/photos/jdunGbUGKMA, 
https://unsplash.com/photos/kIp7VjWk9lQ, 
https://unsplash.com/photos/kIp7VjWk9lQ/download?force=true, 
https://unsplash.com/photos/9pdcfEo6124, 
https://unsplash.com/@joshhild, 
https://unsplash.com/photos/9pdcfEo6124/download?force=true, 
https://unsplash.com/photos/0ZeujkZydok, 
https://unsplash.com/photos/4pdI5TxqPlQ, 
https://unsplash.com/@dibakar16roy, 
https://unsplash.com/photos/m8NYo2IU_Ic, 
https://unsplash.com/photos/7LBiGYFEfqA, 
https://unsplash.com/photos/YHyXDbOsqJ4, 
https://unsplash.com/photos/UkQoBiQ9Ipg, 
https://unsplash.com/photos/t6zKMAnnmrY, 
https://unsplash.com/photos/FMn_3ilHYTw, 
https://unsplash.com/photos/wYp2YG1DwPM, 
https://unsplash.com/photos/p8gtqJqIGcM, 
https://unsplash.com/photos/yIdEANRv3no, 
https://unsplash.com/photos/D8yv3j37S9Y, 
https://unsplash.com/photos/gSWmKeb7MMs, 
https://unsplash.com/photos/7Kti8iT3bjg, 
https://unsplash.com/photos/YGAOoWRWVR4, 
https://unsplash.com/photos/6KisTpSle8Q, 
https://unsplash.com/photos/GXu6tlNHeSk, 
https://unsplash.com/photos/FXNHHD9GEOE, 
https://unsplash.com/photos/ib95PInlg6E, 
https://unsplash.com/photos/UaB91-kVLb4, 
https://unsplash.com/photos/virGC80Qgcw, 
https://unsplash.com/photos/ICTKcvnXx_8, 
https://unsplash.com/photos/ZZ4KpYW86Ms, 
https://unsplash.com/photos/4eNuCoKHc34, 
https://unsplash.com/photos/chmE8NgEAnk, 
https://unsplash.com/photos/sjkwqZM3nCs, 
https://unsplash.com/photos/8pb7Hq539Zw, 
https://unsplash.com/photos/3JTbarf3Xd0, 
https://unsplash.com/photos/2c2Bt2kDefk, 
https://unsplash.com/photos/L2iZFRPaH1M, 
https://unsplash.com/photos/otG_xXS30xU, 
https://unsplash.com/photos/HkQgF3jP4A8, 
https://unsplash.com/photos/ZJV_jvwRbbA, 
https://unsplash.com/photos/ppA3s-68oEg, 
https://unsplash.com/photos/3-HB37ouRp0, 
https://unsplash.com/photos/xAlPg9wIRFM, 
https://unsplash.com/photos/4TBSG2Oqu0Q, 
https://unsplash.com/@xps, XPS
http://www.dell.com/xps, Designed to be the Best ↗
https://unsplash.com/photos/4TBSG2Oqu0Q/download?force=true, 
https://unsplash.com/photos/b7HB_lqRW9c, 
https://unsplash.com/@isaacburkevideo, 
https://unsplash.com/photos/b7HB_lqRW9c/download?force=true, 
https://unsplash.com/photos/6GZXrAFH5E8, 
https://unsplash.com/@annie_dogger, 
https://unsplash.com/photos/6GZXrAFH5E8/download?force=true, 
https://unsplash.com/photos/xo3fdXgTJP8, 
https://unsplash.com/@docusign, DocuSign
https://www.docusign.com.au/, The #1 way to agree ↗
https://unsplash.com/photos/xo3fdXgTJP8/download?force=true, 
https://unsplash.com/photos/q3ZzB3kLX0s, 
https://unsplash.com/@mathildelangevin, 
https://unsplash.com/photos/q3ZzB3kLX0s/download?force=true, 
https://unsplash.com/photos/XbLcIXk3qpw, 
https://unsplash.com/@nature_zen, 
https://unsplash.com/photos/XbLcIXk3qpw/download?force=true, 
https://unsplash.com/photos/jI3DFouQWHo, 
https://unsplash.com/@yana_hurskaya, 
https://unsplash.com/photos/jI3DFouQWHo/download?force=true, 
https://unsplash.com/photos/r716RSFGNe8, 
https://unsplash.com/photos/r716RSFGNe8/download?force=true, 
https://unsplash.com/photos/akRHyXErqX0, 
https://unsplash.com/photos/akRHyXErqX0/download?force=true, 
https://unsplash.com/photos/ZB9pG1cK79o, 
https://unsplash.com/@_iammax, 
https://unsplash.com/photos/ZB9pG1cK79o/download?force=true, 
https://unsplash.com/photos/hiHL_muScoo, 
https://unsplash.com/photos/y3xWINTPc2Q, 
https://unsplash.com/photos/y3xWINTPc2Q/download?force=true, 
https://unsplash.com/photos/6tuH8d6WJlo, 
https://unsplash.com/photos/z2yNnYMKQiU, 
https://unsplash.com/photos/5PBV0QssNfA, 
https://unsplash.com/photos/n0nbOyb2XcE, 
https://unsplash.com/photos/Xc-Da7mzw7A, 
https://unsplash.com/photos/oW0OPV8a57k, 
https://unsplash.com/photos/9iDizfMiiaA, 
https://unsplash.com/photos/xdubCpvdv6c, 
https://unsplash.com/photos/90-3E_2KVJk, 
https://unsplash.com/photos/wvz0Pi14Rzs, 
https://unsplash.com/photos/PfQIG063sVQ, 
https://unsplash.com/photos/k0qVvW46yLI, 
https://unsplash.com/photos/yNvVnPcurD8, 
https://unsplash.com/photos/flpoEnO7xAQ, 
https://unsplash.com/photos/fUvziNhy2ho, 
https://unsplash.com/photos/BbSBf5uv50A, 
https://unsplash.com/photos/n7MlT7PYV_c, 
https://unsplash.com/photos/uRxAhK7RgWw, 
https://unsplash.com/photos/8MDMhlDh-fU, 
https://unsplash.com/photos/3xf07twcxsY, 
https://unsplash.com/photos/QJRBfOiweM4, 
https://unsplash.com/photos/aWwHiNge2c4, 
https://unsplash.com/photos/BlZTg4f2Kj4, 
https://unsplash.com/photos/tccTcNPdkNA, 
https://unsplash.com/photos/dJcMnu9kRHs, 
https://unsplash.com/photos/0EzYqMaAOSk, 
https://unsplash.com/photos/v9FQR4tbIq8, 
https://unsplash.com/photos/LATyAvLH2EA, 
https://unsplash.com/photos/rcyBua5TB_A, 
https://unsplash.com/photos/ZowE4-cmJsw, 
https://unsplash.com/photos/0_B_wiV6DUg, 
https://unsplash.com/@carrier_lost, 
https://unsplash.com/photos/0_B_wiV6DUg/download?force=true, 
https://unsplash.com/photos/a-tAVmo3yA4, 
https://unsplash.com/@micheile, Micheile Henderson
https://unsplash.com/photos/a-tAVmo3yA4/download?force=true, 
https://unsplash.com/photos/HfhNRdqa9FA, 
https://unsplash.com/photos/HfhNRdqa9FA/download?force=true, 
https://unsplash.com/photos/xc2AoKTF6rM, 
https://unsplash.com/photos/xc2AoKTF6rM/download?force=true, 
https://unsplash.com/photos/o0j89X4b5BM, 
https://unsplash.com/@surface, Original by design
https://unsplash.com/photos/o0j89X4b5BM/download?force=true, 
https://unsplash.com/photos/14-n8gg4Bzk, 
https://unsplash.com/photos/14-n8gg4Bzk/download?force=true, 
https://unsplash.com/photos/ZiI9aNqujp8, 
https://unsplash.com/@kristapsungurs, 
https://unsplash.com/photos/ZiI9aNqujp8/download?force=true, 
https://unsplash.com/photos/CTflmHHVrBM, 
https://unsplash.com/@jakobowens1, 
https://unsplash.com/photos/CTflmHHVrBM/download?force=true, 
https://unsplash.com/photos/PSYlFHo8oKA, 
https://unsplash.com/@marekpiwnicki, 
https://unsplash.com/photos/PSYlFHo8oKA/download?force=true, 
https://unsplash.com/photos/0zElpJddzts, 
https://unsplash.com/@osnos, 
https://unsplash.com/photos/0zElpJddzts/download?force=true, 
https://unsplash.com/photos/qZbkhI69ZuM, 
https://e-10457.adzerk.net/r?e=eyJ2IjoiMS43IiwiYXYiOjgxMDc1MiwiYXQiOjUsImJ0IjowLCJjbSI6MTU3OTk5MywiY2giOjQ1MTYzLCJjayI6e30sImNyIjozMDMyMzg4MiwiZGkiOiIyNWY3Njk1YWM2ZmU0MDE3YmI4NGI4MWZmZmMxMmRkZSIsImRqIjowLCJpaSI6IjIxMTc0OWI0NGY5MTQxMWQ5ZWY2ZTE5NTc2N2ZhYzA3IiwiZG0iOjMsImZjIjozMTQ2NDUyNiwiZmwiOjIzNzcyMzY5LCJpcCI6IjEwMy4xMTguNzYuNDIiLCJudyI6MTA0NTcsInBjIjo1LCJlYyI6NSwiZXAiOm51bGwsInByIjoxODIxMTgsInJ0IjoyLCJycyI6NTAwLCJzYSI6IjgiLCJzYiI6ImktMDU3ZjI2YTg5MzlkYmM1ZjgiLCJzcCI6MTkyNTQsInN0IjoxMTIxOTU0LCJ0ciI6dHJ1ZSwidWsiOiJiNzljMDZjMC1jNTU1LTExZWItOTUxYy0yN2RjYjZkNDUzMzYiLCJ6biI6MjE5NDI0LCJ0cyI6MTYyMjgyNTc5MDk3NiwicG4iOiJzYXktdGhhbmtzLWNhcmQtZGVza3RvcCIsImdyIjp0cnVlLCJnYyI6dHJ1ZSwiZ0MiOnRydWUsImdzIjoibm9uZSIsInR6IjoiQW1lcmljYS9OZXdfWW9yayIsInVyIjoiaHR0cHM6Ly9hZC5kb3VibGVjbGljay5uZXQvZGRtL3RyYWNrY2xrL043MTg2NzkuMzI4Njg5M1VOU1BMQVNIL0IyNTIxNzYzMy4yOTkzOTM1MTU7ZGNfdHJrX2FpZD00OTI0MDQ1OTU7ZGNfdHJrX2NpZD0xNDgyNTc2MTY7ZGNfbGF0PTtkY19yZGlkPTt0YWdfZm9yX2NoaWxkX2RpcmVjdGVkX3RyZWF0bWVudD07dGZ1YT07Z2Rwcj0ke0dEUFJ9O2dkcHJfY29uc2VudD0ke0dEUFJfQ09OU0VOVF83NTV9O2x0ZD0ifQ&s=pbs7_v-vFTp2ivkGaSHheD8YchA, Everything you need to grow your business or passion online.
Get started,
https://www.facebook.com/sharer/sharer.php?u=https%3A%2F%2Funsplash.com%2Fphotos%2F14-n8gg4Bzk%3Futm_source%3Dfacebook%26utm_medium%3Dreferral%26utm_content%3DcreditShareLink, 
https://twitter.com/intent/tweet?url=https%3A%2F%2Funsplash.com%2Fphotos%2F14-n8gg4Bzk%3Futm_source%3Dtwitter%26utm_medium%3Dreferral%26utm_content%3DcreditShareLink&text=Thanks%20to%20%40VisualStoriesNL%20for%20making%20this%20photo%20available%20freely%20on%20%40unsplash%20%F0%9F%8E%81, 
https://pinterest.com/pin/create/button/?url=https%3A%2F%2Funsplash.com%2Fphotos%2F14-n8gg4Bzk%3Futm_source%3Dpinterest%26utm_medium%3Dreferral%26utm_content%3DcreditShareLink&description=Thanks%20to%20%40VisualStoriesNL%20for%20making%20this%20photo%20available%20freely%20on%20%40unsplash%20%F0%9F%8E%81, 
https://unsplash.com/@micheile?utm_source=unsplash&utm_medium=referral&utm_content=creditCopyText, Micheile Henderson
https://unsplash.com/?utm_source=unsplash&utm_medium=referral&utm_content=creditCopyText, Unsplash
